<?xml version='1.0' encoding='UTF-8' ?>
<timeLogEntries>
  <time id="1" path="/Proyecto/NBA/Planning" start="@1540240852379" delta="118" />
  <time id="2" path="/Proyecto/NBA/Code" start="@1540247921403" delta="57" />
  <time id="3" path="/Proyecto/NBA/Design" start="@1540322661897" delta="40" />
  <time id="4" path="/Proyecto/NBA/Code" start="@1540325078086" delta="43" />
  <time id="5" path="/Proyecto/NBA/Code" start="@1540352390759" delta="437" />
  <time id="6" path="/Proyecto/NBA/Code" start="@1540429661306" delta="35" />
  <time id="7" path="/Proyecto/NBA/Code" start="@1540437434471" delta="78" />
  <time id="8" path="/Proyecto/NBA/Design" start="@1540442130267" delta="168" />
</timeLogEntries>
